-3.2,-2.6,37
-3.2,-1.97,34
-3.2,-1.34,36
-3.2,-0.71,41
-3.2,-0.08,36
-3.2,0.55,40
-3.2,1.18,42
-3.2,1.81,40.125
-3.2,2.44,40
-3.2,3.07,42
-3.2,3.7,38
-3.17,-2.69,36
-3.17,-2.06,40
-3.17,-1.43,41
-3.17,-0.8,40
-3.17,-0.17,36
-3.17,0.46,40
-3.17,1.09,42
-3.17,1.72,40.125
-3.17,2.35,42
-3.17,2.98,44
-3.17,3.61,38
-3.14,-2.78,35
-3.14,-2.15,42
-3.14,-1.52,41
-3.14,-0.89,39
-3.14,-0.26,40
-3.14,0.37,39
-3.14,1,44
-3.14,1.63,40.125
-3.14,2.26,42
-3.14,2.89,44
-3.14,3.52,38
-3.11,-2.87,38
-3.11,-2.24,42
-3.11,-1.61,36
-3.11,-0.98,36
-3.11,-0.35,40
-3.11,0.28,39
-3.11,0.91,44
-3.11,1.54,40.125
-3.11,2.17,41
-3.11,2.8,44
-3.11,3.43,38
-3.08,-2.96,38
-3.08,-2.33,42
-3.08,-1.7,36
-3.08,-1.07,36
-3.08,-0.44,41
-3.08,0.19,40
-3.08,0.82,44
-3.08,1.45,46
-3.08,2.08,41
-3.08,2.71,44
-3.08,3.34,38
-3.05,-3.05,36
-3.05,-2.42,41
-3.05,-1.79,39
-3.05,-1.16,36
-3.05,-0.53,41
-3.05,0.1,40
-3.05,0.73,38
-3.05,1.36,41
-3.05,1.99,41
-3.05,2.62,40
-3.05,3.25,41
-3.02,-3.14,36
-3.02,-2.51,41
-3.02,-1.88,39
-3.02,-1.25,40
-3.02,-0.62,40
-3.02,0.01,36
-3.02,0.64,38
-3.02,1.27,41
-3.02,1.9,40
-3.02,2.53,41
-3.02,3.16,42
-3.02,3.79,38
-2.99,-2.6,39
-2.99,-1.97,41
-2.99,-1.34,40
-2.99,-0.71,40
-2.99,-0.08,36
-2.99,0.55,38
-2.99,1.18,42
-2.99,1.81,42
-2.99,2.44,40
-2.99,3.07,41
-2.99,3.7,38
-2.96,-2.69,39
-2.96,-2.06,41
-2.96,-1.43,39
-2.96,-0.8,40
-2.96,-0.17,36
-2.96,0.46,39
-2.96,1.09,42
-2.96,1.72,42
-2.96,2.35,42
-2.96,2.98,40
-2.96,3.61,38
-2.93,-2.78,38
-2.93,-2.15,40
-2.93,-1.52,35
-2.93,-0.89,40
-2.93,-0.26,40
-2.93,0.37,38
-2.93,1,42
-2.93,1.63,44
-2.93,2.26,33
-2.93,2.89,44
-2.93,3.52,38
-2.9,-2.87,38
-2.9,-2.24,40
-2.9,-1.61,40
-2.9,-0.98,40
-2.9,-0.35,40
-2.9,0.28,38
-2.9,0.91,42
-2.9,1.54,44
-2.9,2.17,33
-2.9,2.8,44
-2.9,3.43,38
-2.87,-2.96,39
-2.87,-2.33,43
-2.87,-1.7,39
-2.87,-1.07,40
-2.87,-0.44,41
-2.87,0.19,37
-2.87,0.82,40
-2.87,1.45,41
-2.87,2.08,36
-2.87,2.71,44
-2.87,3.34,39
-2.84,-3.05,40
-2.84,-2.42,43
-2.84,-1.79,39
-2.84,-1.16,40
-2.84,-0.53,41
-2.84,0.1,36
-2.84,0.73,39
-2.84,1.36,41
-2.84,1.99,35
-2.84,2.62,40
-2.84,3.25,42
-2.81,-3.14,40
-2.81,-2.51,43
-2.81,-1.88,39
-2.81,-1.25,40
-2.81,-0.62,41
-2.81,0.01,36
-2.81,0.64,39
-2.81,1.27,36
-2.81,1.9,38
-2.81,2.53,43
-2.81,3.16,41
-2.81,3.79,37
-2.78,-2.6,39
-2.78,-1.97,39
-2.78,-1.34,40
-2.78,-0.71,37
-2.78,-0.08,36
-2.78,0.55,38
-2.78,1.18,40
-2.78,1.81,40
-2.78,2.44,41
-2.78,3.07,41
-2.78,3.7,37
-2.75,-2.69,39
-2.75,-2.06,41
-2.75,-1.43,35
-2.75,-0.8,37
-2.75,-0.17,36
-2.75,0.46,38
-2.75,1.09,42
-2.75,1.72,41
-2.75,2.35,41
-2.75,2.98,40
-2.75,3.61,38
-2.72,-2.78,41
-2.72,-2.15,40
-2.72,-1.52,36
-2.72,-0.89,40
-2.72,-0.26,40
-2.72,0.37,38
-2.72,1,41
-2.72,1.63,41
-2.72,2.26,34
-2.72,2.89,40
-2.72,3.52,38
-2.69,-2.87,39
-2.69,-2.24,40
-2.69,-1.61,40
-2.69,-0.98,40
-2.69,-0.35,40
-2.69,0.28,38
-2.69,0.91,41
-2.69,1.54,43
-2.69,2.17,39
-2.69,2.8,44
-2.69,3.43,38
-2.66,-2.96,39
-2.66,-2.33,40
-2.66,-1.7,40
-2.66,-1.07,41
-2.66,-0.44,40
-2.66,0.19,36
-2.66,0.82,41
-2.66,1.45,42
-2.66,2.08,39
-2.66,2.71,42
-2.66,3.34,38
-2.63,-3.05,41
-2.63,-2.42,44
-2.63,-1.79,39
-2.63,-1.16,39
-2.63,-0.53,40
-2.63,0.1,36
-2.63,0.73,38
-2.63,1.36,39
-2.63,1.99,41
-2.63,2.62,42
-2.63,3.25,38
-2.6,-3.14,40
-2.6,-2.51,45
-2.6,-1.88,39
-2.6,-1.25,39
-2.6,-0.62,40
-2.6,0.01,39
-2.6,0.64,40
-2.6,1.27,39
-2.6,1.9,40
-2.6,2.53,45
-2.6,3.16,38
-2.6,3.79,38
-2.57,-2.6,40
-2.57,-1.97,40
-2.57,-1.34,39
-2.57,-0.71,38
-2.57,-0.08,39
-2.57,0.55,40
-2.57,1.18,39
-2.57,1.81,40
-2.57,2.44,37
-2.57,3.07,43
-2.57,3.7,38
-2.54,-2.69,39
-2.54,-2.06,40
-2.54,-1.43,37
-2.54,-0.8,39
-2.54,-0.17,39
-2.54,0.46,38
-2.54,1.09,44
-2.54,1.72,41
-2.54,2.35,41
-2.54,2.98,40
-2.54,3.61,38
-2.51,-2.78,39
-2.51,-2.15,38
-2.51,-1.52,37
-2.51,-0.89,41
-2.51,-0.26,40
-2.51,0.37,38
-2.51,1,44
-2.51,1.63,43
-2.51,2.26,41
-2.51,2.89,40
-2.51,3.52,40
-2.48,-2.87,41
-2.48,-2.24,37
-2.48,-1.61,42
-2.48,-0.98,42
-2.48,-0.35,40
-2.48,0.28,38
-2.48,0.91,41
-2.48,1.54,43
-2.48,2.17,39
-2.48,2.8,42
-2.48,3.43,39
-2.45,-2.96,42
-2.45,-2.33,39.5
-2.45,-1.7,42
-2.45,-1.07,41
-2.45,-0.44,37
-2.45,0.19,40
-2.45,0.82,41
-2.45,1.45,41
-2.45,2.08,39
-2.45,2.71,49
-2.45,3.34,39
-2.42,-3.05,42
-2.42,-2.42,45
-2.42,-1.79,36
-2.42,-1.16,41
-2.42,-0.53,40
-2.42,0.1,36
-2.42,0.73,39
-2.42,1.36,41
-2.42,1.99,39
-2.42,2.62,41
-2.42,3.25,42
-2.39,-3.14,42
-2.39,-2.51,45
-2.39,-1.88,39
-2.39,-1.25,40
-2.39,-0.62,38.633
-2.39,0.01,36
-2.39,0.64,39
-2.39,1.27,41
-2.39,1.9,42
-2.39,2.53,37
-2.39,3.16,40
-2.39,3.79,39
-2.36,-2.6,39
-2.36,-1.97,39
-2.36,-1.34,40
-2.36,-0.71,39
-2.36,-0.08,41
-2.36,0.55,42
-2.36,1.18,39
-2.36,1.81,41
-2.36,2.44,38
-2.36,3.07,44
-2.36,3.7,39
-2.33,-2.69,38
-2.33,-2.06,39
-2.33,-1.43,40
-2.33,-0.8,41
-2.33,-0.17,41
-2.33,0.46,36
-2.33,1.09,41
-2.33,1.72,41
-2.33,2.35,41
-2.33,2.98,48
-2.33,3.61,39
-2.3,-2.78,38
-2.3,-2.15,37
-2.3,-1.52,40
-2.3,-0.89,41
-2.3,-0.26,38
-2.3,0.37,36
-2.3,1,41
-2.3,1.63,41
-2.3,2.26,41
-2.3,2.89,48
-2.3,3.52,39
-2.27,-2.87,41
-2.27,-2.24,37
-2.27,-1.61,41
-2.27,-0.98,41
-2.27,-0.35,39
-2.27,0.28,36
-2.27,0.91,45
-2.27,1.54,43
-2.27,2.17,41
-2.27,2.8,42
-2.27,3.43,39
-2.24,-2.96,41
-2.24,-2.33,42
-2.24,-1.7,41
-2.24,-1.07,41
-2.24,-0.44,39
-2.24,0.19,37
-2.24,0.82,45
-2.24,1.45,41
-2.24,2.08,40
-2.24,2.71,39
-2.24,3.34,38
-2.21,-3.05,42
-2.21,-2.42,43
-2.21,-1.79,39
-2.21,-1.16,41
-2.21,-0.53,40
-2.21,0.1,37
-2.21,0.73,40
-2.21,1.36,41
-2.21,1.99,40
-2.21,2.62,41
-2.21,3.25,40
-2.18,-3.14,42
-2.18,-2.51,42
-2.18,-1.88,39
-2.18,-1.25,43
-2.18,-0.62,40
-2.18,0.01,36
-2.18,0.64,40
-2.18,1.27,41
-2.18,1.9,41
-2.18,2.53,45
-2.18,3.16,40
-2.18,3.79,40
-2.15,-2.6,40
-2.15,-1.97,38
-2.15,-1.34,36
-2.15,-0.71,39
-2.15,-0.08,42
-2.15,0.55,42
-2.15,1.18,38
-2.15,1.81,43
-2.15,2.44,43
-2.15,3.07,46
-2.15,3.7,40
-2.12,-2.69,40
-2.12,-2.06,38
-2.12,-1.43,36
-2.12,-0.8,43
-2.12,-0.17,42
-2.12,0.46,38
-2.12,1.09,41
-2.12,1.72,43
-2.12,2.35,41
-2.12,2.98,43
-2.12,3.61,40
-2.09,-2.78,38
-2.09,-2.15,38
-2.09,-1.52,38
-2.09,-0.89,43
-2.09,-0.26,38
-2.09,0.37,38
-2.09,1,42
-2.09,1.63,41
-2.09,2.26,41
-2.09,2.89,43
-2.09,3.52,40
-2.06,-2.87,42
-2.06,-2.24,38
-2.06,-1.61,41
-2.06,-0.98,42
-2.06,-0.35,38
-2.06,0.28,38
-2.06,0.91,46
-2.06,1.54,43
-2.06,2.17,41
-2.06,2.8,42
-2.06,3.43,40
-2.03,-2.96,41
-2.03,-2.33,43
-2.03,-1.7,41
-2.03,-1.07,41
-2.03,-0.44,40
-2.03,0.19,41
-2.03,0.82,46
-2.03,1.45,41
-2.03,2.08,43
-2.03,2.71,39
-2.03,3.34,41
-2,-3.05,42
-2,-2.42,42
-2,-1.79,37
-2,-1.16,40
-2,-0.53,39
-2,0.1,36
-2,0.73,40
-2,1.36,41
-2,1.99,35
-2,2.62,41
-2,3.25,43
-1.97,-3.14,42
-1.97,-2.51,42
-1.97,-1.88,39
-1.97,-1.25,43
-1.97,-0.62,39
-1.97,0.01,44
-1.97,0.64,42
-1.97,1.27,42
-1.97,1.9,35
-1.97,2.53,44
-1.97,3.16,44
-1.97,3.79,41
-1.94,-2.6,39
-1.94,-1.97,37
-1.94,-1.34,43
-1.94,-0.71,39
-1.94,-0.08,41
-1.94,0.55,42
-1.94,1.18,39
-1.94,1.81,41
-1.94,2.44,44
-1.94,3.07,45
-1.94,3.7,41
-1.91,-2.69,38
-1.91,-2.06,37
-1.91,-1.43,38
-1.91,-0.8,44
-1.91,-0.17,41
-1.91,0.46,44
-1.91,1.09,48
-1.91,1.72,44
-1.91,2.35,41
-1.91,2.98,45
-1.91,3.61,41
-1.88,-2.78,38
-1.88,-2.15,39
-1.88,-1.52,38
-1.88,-0.89,44
-1.88,-0.26,38
-1.88,0.37,45
-1.88,1,48
-1.88,1.63,41
-1.88,2.26,40
-1.88,2.89,40
-1.88,3.52,41
-1.85,-2.87,42
-1.85,-2.24,39
-1.85,-1.61,40
-1.85,-0.98,40
-1.85,-0.35,38
-1.85,0.28,45
-1.85,0.91,44
-1.85,1.54,43
-1.85,2.17,41
-1.85,2.8,40
-1.85,3.43,42
-1.82,-2.96,41
-1.82,-2.33,44
-1.82,-1.7,40
-1.82,-1.07,40
-1.82,-0.44,39
-1.82,0.19,41
-1.82,0.82,44
-1.82,1.45,41
-1.82,2.08,40
-1.82,2.71,42
-1.82,3.34,43
-1.79,-3.05,42
-1.79,-2.42,42
-1.79,-1.79,39
-1.79,-1.16,41
-1.79,-0.53,39
-1.79,0.1,38
-1.79,0.73,42
-1.79,1.36,41
-1.79,1.99,40
-1.79,2.62,42
-1.79,3.25,44
-1.76,-3.14,42
-1.76,-2.51,42
-1.76,-1.88,39
-1.76,-1.25,43
-1.76,-0.62,39
-1.76,0.01,38
-1.76,0.64,42
-1.76,1.27,43
-1.76,1.9,34
-1.76,2.53,44
-1.76,3.16,39
-1.76,3.79,42
-1.73,-2.6,38
-1.73,-1.97,39
-1.73,-1.34,43
-1.73,-0.71,39
-1.73,-0.08,41
-1.73,0.55,42
-1.73,1.18,43
-1.73,1.81,34
-1.73,2.44,44
-1.73,3.07,40
-1.73,3.7,42
-1.7,-2.69,40
-1.7,-2.06,40
-1.7,-1.43,38
-1.7,-0.8,45
-1.7,-0.17,41
-1.7,0.46,38
-1.7,1.09,48
-1.7,1.72,44
-1.7,2.35,40
-1.7,2.98,45
-1.7,3.61,42
-1.67,-2.78,40
-1.67,-2.15,39
-1.67,-1.52,38
-1.67,-0.89,45
-1.67,-0.26,39
-1.67,0.37,38
-1.67,1,48
-1.67,1.63,43
-1.67,2.26,40
-1.67,2.89,45
-1.67,3.52,42
-1.64,-2.87,43
-1.64,-2.24,39
-1.64,-1.61,40
-1.64,-0.98,41
-1.64,-0.35,39
-1.64,0.28,45
-1.64,0.91,44
-1.64,1.54,43
-1.64,2.17,39
-1.64,2.8,39
-1.64,3.43,42
-1.61,-2.96,43
-1.61,-2.33,45
-1.61,-1.7,40
-1.61,-1.07,41
-1.61,-0.44,43
-1.61,0.19,41
-1.61,0.82,44
-1.61,1.45,41
-1.61,2.08,38
-1.61,2.71,42
-1.61,3.34,45
-1.58,-3.05,43
-1.58,-2.42,45
-1.58,-1.79,39
-1.58,-1.16,38
-1.58,-0.53,40
-1.58,0.1,38
-1.58,0.73,43
-1.58,1.36,41
-1.58,1.99,35
-1.58,2.62,42
-1.58,3.25,45
-1.55,-3.14,43
-1.55,-2.51,43
-1.55,-1.88,39
-1.55,-1.25,42
-1.55,-0.62,40
-1.55,0.01,38
-1.55,0.64,41
-1.55,1.27,43
-1.55,1.9,35
-1.55,2.53,44
-1.55,3.16,45
-1.55,3.79,42
-1.52,-2.6,38
-1.52,-1.97,44
-1.52,-1.34,42
-1.52,-0.71,39
-1.52,-0.08,41
-1.52,0.55,41
-1.52,1.18,42
-1.52,1.81,44
-1.52,2.44,41
-1.52,3.07,40
-1.52,3.7,42
-1.49,-2.69,40
-1.49,-2.06,44
-1.49,-1.43,39
-1.49,-0.8,44
-1.49,-0.17,41
-1.49,0.46,39
-1.49,1.09,44
-1.49,1.72,44
-1.49,2.35,39
-1.49,2.98,45
-1.49,3.61,42
-1.46,-2.78,44
-1.46,-2.15,39
-1.46,-1.52,39
-1.46,-0.89,44
-1.46,-0.26,39
-1.46,0.37,39
-1.46,1,47
-1.46,1.63,45
-1.46,2.26,39
-1.46,2.89,45
-1.46,3.52,42
-1.43,-2.87,45
-1.43,-2.24,39
-1.43,-1.61,40
-1.43,-0.98,41
-1.43,-0.35,39
-1.43,0.28,40
-1.43,0.91,44
-1.43,1.54,43
-1.43,2.17,41
-1.43,2.8,39
-1.43,3.43,42
-1.4,-2.96,45
-1.4,-2.33,45
-1.4,-1.7,40
-1.4,-1.07,41
-1.4,-0.44,40
-1.4,0.19,42
-1.4,0.82,44
-1.4,1.45,43
-1.4,2.08,41
-1.4,2.71,41
-1.4,3.34,42
-1.37,-3.05,43
-1.37,-2.42,42
-1.37,-1.79,41
-1.37,-1.16,36
-1.37,-0.53,41
-1.37,0.1,39
-1.37,0.73,43
-1.37,1.36,43
-1.37,1.99,48
-1.37,2.62,43
-1.37,3.25,38
-1.34,-3.14,43
-1.34,-2.51,41
-1.34,-1.88,40
-1.34,-1.25,41
-1.34,-0.62,41
-1.34,0.01,39
-1.34,0.64,43
-1.34,1.27,40
-1.34,1.9,43
-1.34,2.53,42
-1.34,3.16,38
-1.34,3.79,41
-1.31,-2.6,38
-1.31,-1.97,42
-1.31,-1.34,41
-1.31,-0.71,38
-1.31,-0.08,41
-1.31,0.55,41
-1.31,1.18,40
-1.31,1.81,43
-1.31,2.44,42
-1.31,3.07,40
-1.31,3.7,41
-1.28,-2.69,41
-1.28,-2.06,42
-1.28,-1.43,38
-1.28,-0.8,43
-1.28,-0.17,41
-1.28,0.46,43
-1.28,1.09,44
-1.28,1.72,44
-1.28,2.35,41
-1.28,2.98,43
-1.28,3.61,40
-1.25,-2.78,45
-1.25,-2.15,39
-1.25,-1.52,38
-1.25,-0.89,43
-1.25,-0.26,39
-1.25,0.37,43
-1.25,1,46
-1.25,1.63,42
-1.25,2.26,44
-1.25,2.89,41
-1.25,3.52,40
-1.22,-2.87,45
-1.22,-2.24,39
-1.22,-1.61,40
-1.22,-0.98,41
-1.22,-0.35,39
-1.22,0.28,41
-1.22,0.91,44
-1.22,1.54,44
-1.22,2.17,44
-1.22,2.8,42
-1.22,3.43,40
-1.19,-2.96,45
-1.19,-2.33,45
-1.19,-1.7,44
-1.19,-1.07,41
-1.19,-0.44,40
-1.19,0.19,43
-1.19,0.82,44
-1.19,1.45,43
-1.19,2.08,43
-1.19,2.71,40
-1.19,3.34,40
-1.16,-3.05,43
-1.16,-2.42,41
-1.16,-1.79,41
-1.16,-1.16,37
-1.16,-0.53,40
-1.16,0.1,41
-1.16,0.73,43
-1.16,1.36,43
-1.16,1.99,43
-1.16,2.62,40
-1.16,3.25,38
-1.13,-3.14,41
-1.13,-2.51,41
-1.13,-1.88,41
-1.13,-1.25,40
-1.13,-0.62,40
-1.13,0.01,41
-1.13,0.64,42
-1.13,1.27,38
-1.13,1.9,43
-1.13,2.53,42
-1.13,3.16,38
-1.13,3.79,40
-1.1,-2.6,39
-1.1,-1.97,40
-1.1,-1.34,40
-1.1,-0.71,37
-1.1,-0.08,40
-1.1,0.55,42
-1.1,1.18,38
-1.1,1.81,42
-1.1,2.44,42
-1.1,3.07,40
-1.1,3.7,40
-1.07,-2.69,39
-1.07,-2.06,40
-1.07,-1.43,39
-1.07,-0.8,41
-1.07,-0.17,40
-1.07,0.46,45
-1.07,1.09,45
-1.07,1.72,42
-1.07,2.35,44
-1.07,2.98,40
-1.07,3.61,40
-1.04,-2.78,47
-1.04,-2.15,39
-1.04,-1.52,41
-1.04,-0.89,36
-1.04,-0.26,41
-1.04,0.37,44
-1.04,1,46
-1.04,1.63,39
-1.04,2.26,44
-1.04,2.89,40
-1.04,3.52,40
-1.01,-2.87,46
-1.01,-2.24,39
-1.01,-1.61,42
-1.01,-0.98,39
-1.01,-0.35,41
-1.01,0.28,44
-1.01,0.91,42
-1.01,1.54,44
-1.01,2.17,43
-1.01,2.8,43
-1.01,3.43,40
-0.98,-2.96,41
-0.98,-2.33,46
-0.98,-1.7,42
-0.98,-1.07,39
-0.98,-0.44,41
-0.98,0.19,42
-0.98,0.82,42
-0.98,1.45,44
-0.98,2.08,43
-0.98,2.71,43
-0.98,3.34,41
-0.95,-3.05,41
-0.95,-2.42,43
-0.95,-1.79,38
-0.95,-1.16,40
-0.95,-0.53,41
-0.95,0.1,42
-0.95,0.73,42
-0.95,1.36,43
-0.95,1.99,41
-0.95,2.62,43
-0.95,3.25,40
-0.92,-3.14,45
-0.92,-2.51,43
-0.92,-1.88,41
-0.92,-1.25,40
-0.92,-0.62,41
-0.92,0.01,42
-0.92,0.64,42
-0.92,1.27,43
-0.92,1.9,41
-0.92,2.53,43
-0.92,3.16,40
-0.92,3.79,41
-0.89,-2.6,40
-0.89,-1.97,41
-0.89,-1.34,40
-0.89,-0.71,37
-0.89,-0.08,41
-0.89,0.55,40
-0.89,1.18,46
-0.89,1.81,41
-0.89,2.44,45
-0.89,3.07,41
-0.89,3.7,41
-0.86,-2.69,40
-0.86,-2.06,40
-0.86,-1.43,42
-0.86,-0.8,37
-0.86,-0.17,38
-0.86,0.46,42
-0.86,1.09,46
-0.86,1.72,40
-0.86,2.35,42
-0.86,2.98,40
-0.86,3.61,41
-0.83,-2.78,48
-0.83,-2.15,40
-0.83,-1.52,42
-0.83,-0.89,40
-0.83,-0.26,41
-0.83,0.37,42
-0.83,1,41
-0.83,1.63,39
-0.83,2.26,44
-0.83,2.89,40
-0.83,3.52,41
-0.8,-2.87,43
-0.8,-2.24,39
-0.8,-1.61,42
-0.8,-0.98,39
-0.8,-0.35,41
-0.8,0.28,42
-0.8,0.91,42
-0.8,1.54,43
-0.8,2.17,44
-0.8,2.8,44
-0.8,3.43,41
-0.77,-2.96,43
-0.77,-2.33,39
-0.77,-1.7,42
-0.77,-1.07,39
-0.77,-0.44,41
-0.77,0.19,40
-0.77,0.82,42
-0.77,1.45,43
-0.77,2.08,42
-0.77,2.71,43
-0.77,3.34,44
-0.74,-3.05,42
-0.74,-2.42,45
-0.74,-1.79,39
-0.74,-1.16,45
-0.74,-0.53,42
-0.74,0.1,41
-0.74,0.73,42
-0.74,1.36,43
-0.74,1.99,41
-0.74,2.62,43
-0.74,3.25,44
-0.71,-3.14,42
-0.71,-2.51,45
-0.71,-1.88,38
-0.71,-1.25,40
-0.71,-0.62,42
-0.71,0.01,42
-0.71,0.64,42
-0.71,1.27,39
-0.71,1.9,41
-0.71,2.53,45
-0.71,3.16,40
-0.71,3.79,42
-0.68,-2.6,42
-0.68,-1.97,38
-0.68,-1.34,40
-0.68,-0.71,38
-0.68,-0.08,42
-0.68,0.55,40
-0.68,1.18,46
-0.68,1.81,41
-0.68,2.44,45
-0.68,3.07,42
-0.68,3.7,42
-0.65,-2.69,42
-0.65,-2.06,41
-0.65,-1.43,42
-0.65,-0.8,41
-0.65,-0.17,38
-0.65,0.46,42
-0.65,1.09,45
-0.65,1.72,42
-0.65,2.35,44
-0.65,2.98,42
-0.65,3.61,41
-0.62,-2.78,42
-0.62,-2.15,39
-0.62,-1.52,42
-0.62,-0.89,41
-0.62,-0.26,40
-0.62,0.37,42
-0.62,1,39
-0.62,1.63,42
-0.62,2.26,42
-0.62,2.89,42
-0.62,3.52,41
-0.59,-2.87,43
-0.59,-2.24,39
-0.59,-1.61,42
-0.59,-0.98,39
-0.59,-0.35,45
-0.59,0.28,43
-0.59,0.91,44
-0.59,1.54,44
-0.59,2.17,42
-0.59,2.8,43
-0.59,3.43,41
-0.56,-2.96,40
-0.56,-2.33,45
-0.56,-1.7,42
-0.56,-1.07,39
-0.56,-0.44,42
-0.56,0.19,38
-0.56,0.82,44
-0.56,1.45,44
-0.56,2.08,42
-0.56,2.71,42
-0.56,3.34,44
-0.53,-3.05,45
-0.53,-2.42,45
-0.53,-1.79,40
-0.53,-1.16,44
-0.53,-0.53,42
-0.53,0.1,40
-0.53,0.73,43
-0.53,1.36,43
-0.53,1.99,39
-0.53,2.62,42
-0.53,3.25,44
-0.5,-3.14,44
-0.5,-2.51,45
-0.5,-1.88,39
-0.5,-1.25,39
-0.5,-0.62,42
-0.5,0.01,42
-0.5,0.64,43
-0.5,1.27,43
-0.5,1.9,39
-0.5,2.53,41
-0.5,3.16,42
-0.5,3.79,41
-0.47,-2.6,42
-0.47,-1.97,42
-0.47,-1.34,39
-0.47,-0.71,41
-0.47,-0.08,44
-0.47,0.55,41
-0.47,1.18,43
-0.47,1.81,39
-0.47,2.44,41
-0.47,3.07,42
-0.47,3.7,42
-0.44,-2.69,43
-0.44,-2.06,43
-0.44,-1.43,42
-0.44,-0.8,43
-0.44,-0.17,38
-0.44,0.46,41
-0.44,1.09,43
-0.44,1.72,41
-0.44,2.35,41
-0.44,2.98,44
-0.44,3.61,42
-0.41,-2.78,49
-0.41,-2.15,39
-0.41,-1.52,42
-0.41,-0.89,43
-0.41,-0.26,40
-0.41,0.37,46
-0.41,1,41
-0.41,1.63,44
-0.41,2.26,41
-0.41,2.89,44
-0.41,3.52,42
-0.38,-2.87,42
-0.38,-2.24,40
-0.38,-1.61,42
-0.38,-0.98,39
-0.38,-0.35,44
-0.38,0.28,46
-0.38,0.91,44
-0.38,1.54,44
-0.38,2.17,42
-0.38,2.8,45
-0.38,3.43,42
-0.35,-2.96,42
-0.35,-2.33,47
-0.35,-1.7,42
-0.35,-1.07,44
-0.35,-0.44,42
-0.35,0.19,44
-0.35,0.82,44
-0.35,1.45,44
-0.35,2.08,44
-0.35,2.71,45
-0.35,3.34,47
-0.32,-3.05,42
-0.32,-2.42,45
-0.32,-1.79,40
-0.32,-1.16,41
-0.32,-0.53,42
-0.32,0.1,40
-0.32,0.73,44
-0.32,1.36,44
-0.32,1.99,44
-0.32,2.62,41
-0.32,3.25,47
-0.29,-3.14,42
-0.29,-2.51,45
-0.29,-1.88,40
-0.29,-1.25,39
-0.29,-0.62,42
-0.29,0.01,40
-0.29,0.64,45
-0.29,1.27,44
-0.29,1.9,37
-0.29,2.53,41
-0.29,3.16,37
-0.29,3.79,42
-0.26,-2.6,43
-0.26,-1.97,43
-0.26,-1.34,39
-0.26,-0.71,42
-0.26,-0.08,46
-0.26,0.55,40
-0.26,1.18,44
-0.26,1.81,37
-0.26,2.44,43
-0.26,3.07,37
-0.26,3.7,42
-0.23,-2.69,44
-0.23,-2.06,43
-0.23,-1.43,39
-0.23,-0.8,43
-0.23,-0.17,36
-0.23,0.46,40
-0.23,1.09,43
-0.23,1.72,41
-0.23,2.35,41
-0.23,2.98,44
-0.23,3.61,42
-0.2,-2.78,48
-0.2,-2.15,42
-0.2,-1.52,39
-0.2,-0.89,43
-0.2,-0.26,40
-0.2,0.37,43
-0.2,1,42
-0.2,1.63,45
-0.2,2.26,41
-0.2,2.89,44
-0.2,3.52,42
-0.17,-2.87,43
-0.17,-2.24,42
-0.17,-1.61,47
-0.17,-0.98,39
-0.17,-0.35,40
-0.17,0.28,43
-0.17,0.91,44
-0.17,1.54,44
-0.17,2.17,44
-0.17,2.8,44
-0.17,3.43,42
-0.14,-2.96,43
-0.14,-2.33,47
-0.14,-1.7,43
-0.14,-1.07,44
-0.14,-0.44,40
-0.14,0.19,44
-0.14,0.82,44
-0.14,1.45,47
-0.14,2.08,44
-0.14,2.71,40
-0.14,3.34,42
-0.11,-3.05,48
-0.11,-2.42,47
-0.11,-1.79,43
-0.11,-1.16,38
-0.11,-0.53,42
-0.11,0.1,41
-0.11,0.73,44
-0.11,1.36,47
-0.11,1.99,41
-0.11,2.62,40
-0.11,3.25,42
-0.08,-3.14,47
-0.08,-2.51,47
-0.08,-1.88,41
-0.08,-1.25,44
-0.08,-0.62,42
-0.08,0.01,46
-0.08,0.64,42
-0.08,1.27,44
-0.08,1.9,40
-0.08,2.53,43
-0.08,3.16,37
-0.08,3.79,42
-0.05,-2.6,44
-0.05,-1.97,41
-0.05,-1.34,41
-0.05,-0.71,42
-0.05,-0.08,46
-0.05,0.55,40
-0.05,1.18,44
-0.05,1.81,40
-0.05,2.44,43
-0.05,3.07,37
-0.05,3.7,42
-0.02,-2.69,44
-0.02,-2.06,45
-0.02,-1.43,40
-0.02,-0.8,43
-0.02,-0.17,36
-0.02,0.46,44
-0.02,1.09,44
-0.02,1.72,45
-0.02,2.35,44
-0.02,2.98,44
-0.02,3.61,42
0.01,-2.78,48
0.01,-2.15,42
0.01,-1.52,40
0.01,-0.89,44
0.01,-0.26,40
0.01,0.37,44
0.01,1,43
0.01,1.63,47
0.01,2.26,42
0.01,2.89,45
0.01,3.52,41
0.04,-2.87,48
0.04,-2.24,42
0.04,-1.61,44
0.04,-0.98,39
0.04,-0.35,40
0.04,0.28,43
0.04,0.91,45
0.04,1.54,45
0.04,2.17,44
0.04,2.8,45
0.04,3.43,41
0.07,-2.96,48
0.07,-2.33,42
0.07,-1.7,44
0.07,-1.07,39
0.07,-0.44,42
0.07,0.19,43
0.07,0.82,45
0.07,1.45,47
0.07,2.08,41
0.07,2.71,42
0.07,3.34,47
0.1,-3.05,47
0.1,-2.42,47
0.1,-1.79,40
0.1,-1.16,42
0.1,-0.53,42
0.1,0.1,43
0.1,0.73,45
0.1,1.36,43
0.1,1.99,41
0.1,2.62,42
0.1,3.25,47
0.13,-3.14,47
0.13,-2.51,47
0.13,-1.88,43
0.13,-1.25,46
0.13,-0.62,42
0.13,0.01,44
0.13,0.64,42
0.13,1.27,45
0.13,1.9,39
0.13,2.53,44
0.13,3.16,38
0.13,3.79,40
0.16,-2.6,44
0.16,-1.97,43
0.16,-1.34,42
0.16,-0.71,42
0.16,-0.08,41
0.16,0.55,43
0.16,1.18,45
0.16,1.81,46
0.16,2.44,45
0.16,3.07,38
0.16,3.7,40
0.19,-2.69,44
0.19,-2.06,44
0.19,-1.43,40
0.19,-0.8,42
0.19,-0.17,41
0.19,0.46,43
0.19,1.09,44
0.19,1.72,48
0.19,2.35,40
0.19,2.98,45
0.19,3.61,40
0.22,-2.78,48
0.22,-2.15,44
0.22,-1.52,40
0.22,-0.89,45
0.22,-0.26,40
0.22,0.37,44
0.22,1,44
0.22,1.63,46
0.22,2.26,40
0.22,2.89,46
0.22,3.52,40
0.25,-2.87,50
0.25,-2.24,44
0.25,-1.61,44
0.25,-0.98,38
0.25,-0.35,40
0.25,0.28,45
0.25,0.91,45
0.25,1.54,48
0.25,2.17,46
0.25,2.8,46
0.25,3.43,40
0.28,-2.96,50
0.28,-2.33,44
0.28,-1.7,44
0.28,-1.07,38
0.28,-0.44,40
0.28,0.19,41
0.28,0.82,45
0.28,1.45,48
0.28,2.08,39
0.28,2.71,43
0.28,3.34,46
0.31,-3.05,49
0.31,-2.42,47
0.31,-1.79,41
0.31,-1.16,44
0.31,-0.53,43
0.31,0.1,43
0.31,0.73,45
0.31,1.36,47
0.31,1.99,39
0.31,2.62,43
0.31,3.25,46
0.34,-3.14,49
0.34,-2.51,47
0.34,-1.88,44
0.34,-1.25,46
0.34,-0.62,43
0.34,0.01,40
0.34,0.64,44
0.34,1.27,43
0.34,1.9,39
0.34,2.53,42
0.34,3.16,37
0.34,3.79,40
0.37,-2.6,43
0.37,-1.97,44
0.37,-1.34,43
0.37,-0.71,42
0.37,-0.08,44
0.37,0.55,42
0.37,1.18,43
0.37,1.81,45
0.37,2.44,44
0.37,3.07,37
0.37,3.7,40
0.4,-2.69,43
0.4,-2.06,45
0.4,-1.43,41
0.4,-0.8,42
0.4,-0.17,44
0.4,0.46,42
0.4,1.09,45
0.4,1.72,45
0.4,2.35,43
0.4,2.98,44
0.4,3.61,40
0.43,-2.78,43
0.43,-2.15,44
0.43,-1.52,41
0.43,-0.89,46
0.43,-0.26,41
0.43,0.37,44
0.43,1,44
0.43,1.63,47
0.43,2.26,43
0.43,2.89,46
0.43,3.52,41
0.46,-2.87,48
0.46,-2.24,42
0.46,-1.61,40
0.46,-0.98,38
0.46,-0.35,41
0.46,0.28,47
0.46,0.91,45
0.46,1.54,47
0.46,2.17,47
0.46,2.8,46
0.46,3.43,41
0.49,-2.96,48
0.49,-2.33,42
0.49,-1.7,40
0.49,-1.07,41
0.49,-0.44,40
0.49,0.19,42
0.49,0.82,45
0.49,1.45,48
0.49,2.08,39
0.49,2.71,44
0.49,3.34,44
0.52,-3.05,44
0.52,-2.42,45
0.52,-1.79,41
0.52,-1.16,45
0.52,-0.53,40
0.52,0.1,45
0.52,0.73,45
0.52,1.36,47
0.52,1.99,38
0.52,2.62,44
0.52,3.25,44
0.55,-3.14,45
0.55,-2.51,47
0.55,-1.88,43
0.55,-1.25,48
0.55,-0.62,43
0.55,0.01,45
0.55,0.64,48
0.55,1.27,46
0.55,1.9,38
0.55,2.53,40
0.55,3.16,37
0.55,3.79,42
0.58,-2.6,47
0.58,-1.97,43
0.58,-1.34,43
0.58,-0.71,41
0.58,-0.08,44
0.58,0.55,41
0.58,1.18,42
0.58,1.81,44
0.58,2.44,44
0.58,3.07,37
0.58,3.7,42
0.61,-2.69,43
0.61,-2.06,45
0.61,-1.43,40
0.61,-0.8,46
0.61,-0.17,44
0.61,0.46,41
0.61,1.09,47
0.61,1.72,46
0.61,2.35,42
0.61,2.98,45
0.61,3.61,42
0.64,-2.78,47
0.64,-2.15,42
0.64,-1.52,40
0.64,-0.89,46
0.64,-0.26,42
0.64,0.37,45
0.64,1,45
0.64,1.63,44
0.64,2.26,40
0.64,2.89,45
0.64,3.52,39
0.67,-2.87,47
0.67,-2.24,42
0.67,-1.61,40
0.67,-0.98,41
0.67,-0.35,44
0.67,0.28,46
0.67,0.91,45
0.67,1.54,44
0.67,2.17,46
0.67,2.8,45
0.67,3.43,39
0.7,-2.96,48
0.7,-2.33,42
0.7,-1.7,40
0.7,-1.07,41
0.7,-0.44,44
0.7,0.19,41
0.7,0.82,45
0.7,1.45,46
0.7,2.08,39
0.7,2.71,44
0.7,3.34,43
0.73,-3.05,47
0.73,-2.42,44
0.73,-1.79,41
0.73,-1.16,45
0.73,-0.53,42
0.73,0.1,42
0.73,0.73,45
0.73,1.36,46
0.73,1.99,39
0.73,2.62,43
0.73,3.25,43
0.76,-3.14,47
0.76,-2.51,46
0.76,-1.88,42
0.76,-1.25,37
0.76,-0.62,42
0.76,0.01,42
0.76,0.64,46
0.76,1.27,41
0.76,1.9,39
0.76,2.53,41
0.76,3.16,38
0.76,3.79,38
0.79,-2.6,46
0.79,-1.97,45
0.79,-1.34,41
0.79,-0.71,40
0.79,-0.08,44
0.79,0.55,44
0.79,1.18,41
0.79,1.81,39
0.79,2.44,44
0.79,3.07,38
0.79,3.7,38
0.82,-2.69,44
0.82,-2.06,45
0.82,-1.43,40
0.82,-0.8,40
0.82,-0.17,44
0.82,0.46,44
0.82,1.09,44
0.82,1.72,44
0.82,2.35,39
0.82,2.98,46
0.82,3.61,37
0.85,-2.78,47
0.85,-2.15,41
0.85,-1.52,40
0.85,-0.89,39
0.85,-0.26,42
0.85,0.37,43
0.85,1,44
0.85,1.63,44
0.85,2.26,39
0.85,2.89,46
0.85,3.52,37
0.88,-2.87,47
0.88,-2.24,41
0.88,-1.61,41
0.88,-0.98,41
0.88,-0.35,44
0.88,0.28,46
0.88,0.91,43
0.88,1.54,45
0.88,2.17,45
0.88,2.8,46
0.88,3.43,37
0.91,-2.96,42
0.91,-2.33,41
0.91,-1.7,41
0.91,-1.07,41
0.91,-0.44,41
0.91,0.19,46
0.91,0.82,43
0.91,1.45,45
0.91,2.08,39
0.91,2.71,44
0.91,3.34,38
0.94,-3.05,45
0.94,-2.42,44
0.94,-1.79,41
0.94,-1.16,42
0.94,-0.53,41
0.94,0.1,42
0.94,0.73,43
0.94,1.36,48
0.94,1.99,42
0.94,2.62,44
0.94,3.25,43
0.97,-3.14,45
0.97,-2.51,44
0.97,-1.88,41
0.97,-1.25,37
0.97,-0.62,42
0.97,0.01,42
0.97,0.64,46
0.97,1.27,43
0.97,1.9,40
0.97,2.53,43
0.97,3.16,39
0.97,3.79,38
1,-2.6,44
1,-1.97,44
1,-1.34,39
1,-0.71,40
1,-0.08,46
1,0.55,44
1,1.18,43
1,1.81,40
1,2.44,43
1,3.07,39
1,3.7,38
1.03,-2.69,44
1.03,-2.06,44
1.03,-1.43,41
1.03,-0.8,40
1.03,-0.17,44
1.03,0.46,43
1.03,1.09,45
1.03,1.72,45
1.03,2.35,43
1.03,2.98,44
1.03,3.61,38
1.06,-2.78,48
1.06,-2.15,41
1.06,-1.52,41
1.06,-0.89,43
1.06,-0.26,42
1.06,0.37,43
1.06,1,45
1.06,1.63,45
1.06,2.26,40
1.06,2.89,46
1.06,3.52,38
1.09,-2.87,48
1.09,-2.24,42
1.09,-1.61,41
1.09,-0.98,41
1.09,-0.35,45
1.09,0.28,46
1.09,0.91,43
1.09,1.54,41
1.09,2.17,46
1.09,2.8,46
1.09,3.43,38
1.12,-2.96,46
1.12,-2.33,42
1.12,-1.7,41
1.12,-1.07,41
1.12,-0.44,41
1.12,0.19,46
1.12,0.82,43
1.12,1.45,41
1.12,2.08,39
1.12,2.71,43
1.12,3.34,39
1.15,-3.05,46
1.15,-2.42,44
1.15,-1.79,41
1.15,-1.16,42
1.15,-0.53,41
1.15,0.1,44
1.15,0.73,43
1.15,1.36,48
1.15,1.99,42
1.15,2.62,43
1.15,3.25,43
1.18,-3.14,47
1.18,-2.51,44
1.18,-1.88,45
1.18,-1.25,38
1.18,-0.62,42
1.18,0.01,44
1.18,0.64,46
1.18,1.27,48
1.18,1.9,40
1.18,2.53,46
1.18,3.16,40
1.18,3.79,41
1.21,-2.6,48
1.21,-1.97,44
1.21,-1.34,39
1.21,-0.71,40
1.21,-0.08,45
1.21,0.55,43
1.21,1.18,46
1.21,1.81,40
1.21,2.44,43
1.21,3.07,45
1.21,3.7,41
1.24,-2.69,48
1.24,-2.06,44
1.24,-1.43,39
1.24,-0.8,40
1.24,-0.17,44
1.24,0.46,43
1.24,1.09,46
1.24,1.72,43
1.24,2.35,44
1.24,2.98,44
1.24,3.61,41
1.27,-2.78,48
1.27,-2.15,44
1.27,-1.52,39
1.27,-0.89,43
1.27,-0.26,41
1.27,0.37,47
1.27,1,46
1.27,1.63,44
1.27,2.26,39
1.27,2.89,44
1.27,3.52,41
1.3,-2.87,47
1.3,-2.24,44
1.3,-1.61,43
1.3,-0.98,43
1.3,-0.35,41
1.3,0.28,47
1.3,0.91,43
1.3,1.54,43
1.3,2.17,46
1.3,2.8,45
1.3,3.43,41
1.33,-2.96,47
1.33,-2.33,44
1.33,-1.7,42
1.33,-1.07,41
1.33,-0.44,43
1.33,0.19,47
1.33,0.82,43
1.33,1.45,43
1.33,2.08,39
1.33,2.71,43
1.33,3.34,41
1.36,-3.05,47
1.36,-2.42,46
1.36,-1.79,42
1.36,-1.16,44
1.36,-0.53,41
1.36,0.1,47
1.36,0.73,43
1.36,1.36,47
1.36,1.99,42
1.36,2.62,42
1.36,3.25,42
1.39,-3.14,47
1.39,-2.51,46
1.39,-1.88,41
1.39,-1.25,43
1.39,-0.62,41
1.39,0.01,47
1.39,0.64,46
1.39,1.27,42
1.39,1.9,41
1.39,2.53,47
1.39,3.16,41
1.39,3.79,42
1.42,-2.6,50
1.42,-1.97,41
1.42,-1.34,40
1.42,-0.71,42
1.42,-0.08,42
1.42,0.55,43
1.42,1.18,42
1.42,1.81,41
1.42,2.44,43
1.42,3.07,41
1.42,3.7,42
1.45,-2.69,46
1.45,-2.06,43
1.45,-1.43,42
1.45,-0.8,39
1.45,-0.17,42
1.45,0.46,43
1.45,1.09,45
1.45,1.72,44
1.45,2.35,43
1.45,2.98,44
1.45,3.61,41
1.48,-2.78,46
1.48,-2.15,45
1.48,-1.52,39
1.48,-0.89,43
1.48,-0.26,41
1.48,0.37,45
1.48,1,46
1.48,1.63,45
1.48,2.26,39
1.48,2.89,42
1.48,3.52,41
1.51,-2.87,48
1.51,-2.24,45
1.51,-1.61,43
1.51,-0.98,43
1.51,-0.35,46
1.51,0.28,45
1.51,0.91,44
1.51,1.54,46
1.51,2.17,45
1.51,2.8,42
1.51,3.43,41
1.54,-2.96,49
1.54,-2.33,45
1.54,-1.7,42
1.54,-1.07,41
1.54,-0.44,42
1.54,0.19,45
1.54,0.82,44
1.54,1.45,45
1.54,2.08,40
1.54,2.71,41
1.54,3.34,41
1.57,-3.05,50
1.57,-2.42,45
1.57,-1.79,42
1.57,-1.16,46
1.57,-0.53,42
1.57,0.1,47
1.57,0.73,44
1.57,1.36,46
1.57,1.99,40
1.57,2.62,41
1.57,3.25,37
1.6,-3.14,47
1.6,-2.51,47
1.6,-1.88,42
1.6,-1.25,41
1.6,-0.62,43
1.6,0.01,43
1.6,0.64,43
1.6,1.27,43
1.6,1.9,41
1.6,2.53,46
1.6,3.16,37
1.6,3.79,41
1.63,-2.6,50
1.63,-1.97,42
1.63,-1.34,41
1.63,-0.71,45
1.63,-0.08,41
1.63,0.55,43
1.63,1.18,43
1.63,1.81,43
1.63,2.44,43
1.63,3.07,45
1.63,3.7,41
1.66,-2.69,46
1.66,-2.06,43
1.66,-1.43,44
1.66,-0.8,45
1.66,-0.17,41
1.66,0.46,45
1.66,1.09,45
1.66,1.72,44
1.66,2.35,43
1.66,2.98,45
1.66,3.61,41
1.69,-2.78,46
1.69,-2.15,44
1.69,-1.52,41
1.69,-0.89,43
1.69,-0.26,40
1.69,0.37,44
1.69,1,46
1.69,1.63,44
1.69,2.26,39
1.69,2.89,43
1.69,3.52,41
1.72,-2.87,48
1.72,-2.24,44
1.72,-1.61,41
1.72,-0.98,41
1.72,-0.35,40
1.72,0.28,45
1.72,0.91,45
1.72,1.54,48
1.72,2.17,44
1.72,2.8,43
1.72,3.43,41
1.75,-2.96,48
1.75,-2.33,44
1.75,-1.7,40
1.75,-1.07,41
1.75,-0.44,46
1.75,0.19,45
1.75,0.82,45
1.75,1.45,46
1.75,2.08,40
1.75,2.71,43
1.75,3.34,41
1.78,-3.05,50
1.78,-2.42,44
1.78,-1.79,40
1.78,-1.16,46
1.78,-0.53,42
1.78,0.1,45
1.78,0.73,45
1.78,1.36,45
1.78,1.99,40
1.78,2.62,43
1.78,3.25,37
1.81,-3.14,49
1.81,-2.51,47
1.81,-1.88,42
1.81,-1.25,39
1.81,-0.62,42
1.81,0.01,45
1.81,0.64,43
1.81,1.27,45
1.81,1.9,45
1.81,2.53,46
1.81,3.16,39
1.81,3.79,41
1.84,-2.6,50
1.84,-1.97,42
1.84,-1.34,41
1.84,-0.71,45
1.84,-0.08,44
1.84,0.55,43
1.84,1.18,45
1.84,1.81,43
1.84,2.44,48
1.84,3.07,40
1.84,3.7,41
1.87,-2.69,45
1.87,-2.06,44
1.87,-1.43,45
1.87,-0.8,45
1.87,-0.17,40
1.87,0.46,43
1.87,1.09,44
1.87,1.72,45
1.87,2.35,46
1.87,2.98,45
1.87,3.61,41
1.9,-2.78,47
1.9,-2.15,44
1.9,-1.52,41
1.9,-0.89,43
1.9,-0.26,40
1.9,0.37,45
1.9,1,45
1.9,1.63,45
1.9,2.26,39
1.9,2.89,41
1.9,3.52,41
1.93,-2.87,47
1.93,-2.24,43
1.93,-1.61,41
1.93,-0.98,41
1.93,-0.35,40
1.93,0.28,46
1.93,0.91,45
1.93,1.54,47
1.93,2.17,47
1.93,2.8,41
1.93,3.43,41
1.96,-2.96,47
1.96,-2.33,43
1.96,-1.7,42
1.96,-1.07,41
1.96,-0.44,42
1.96,0.19,46
1.96,0.82,46
1.96,1.45,47
1.96,2.08,41
1.96,2.71,44
1.96,3.34,41
1.99,-3.05,49
1.99,-2.42,45
1.99,-1.79,38
1.99,-1.16,46
1.99,-0.53,44
1.99,0.1,43
1.99,0.73,46
1.99,1.36,42
1.99,1.99,41
1.99,2.62,44
1.99,3.25,39
2.02,-3.14,47
2.02,-2.51,45
2.02,-1.88,47
2.02,-1.25,42
2.02,-0.62,43
2.02,0.01,44
2.02,0.64,43
2.02,1.27,45
2.02,1.9,41
2.02,2.53,47
2.02,3.16,40
2.02,3.79,41
2.05,-2.6,48
2.05,-1.97,46
2.05,-1.34,40
2.05,-0.71,42
2.05,-0.08,45
2.05,0.55,42
2.05,1.18,45
2.05,1.81,46
2.05,2.44,46
2.05,3.07,40
2.05,3.7,42
2.08,-2.69,48
2.08,-2.06,44
2.08,-1.43,45
2.08,-0.8,42
2.08,-0.17,38
2.08,0.46,42
2.08,1.09,46
2.08,1.72,42
2.08,2.35,46
2.08,2.98,45
2.08,3.61,42
2.11,-2.78,48
2.11,-2.15,44
2.11,-1.52,41
2.11,-0.89,39
2.11,-0.26,42
2.11,0.37,42
2.11,1,45
2.11,1.63,45
2.11,2.26,39
2.11,2.89,42
2.11,3.52,43
2.14,-2.87,46
2.14,-2.24,44
2.14,-1.61,43
2.14,-0.98,42
2.14,-0.35,47
2.14,0.28,44
2.14,0.91,45
2.14,1.54,47
2.14,2.17,47
2.14,2.8,42
2.14,3.43,43
2.17,-2.96,47
2.17,-2.33,44
2.17,-1.7,43
2.17,-1.07,42
2.17,-0.44,45
2.17,0.19,44
2.17,0.82,45
2.17,1.45,47
2.17,2.08,42
2.17,2.71,42
2.17,3.34,43
2.2,-3.05,48
2.2,-2.42,45
2.2,-1.79,37
2.2,-1.16,44
2.2,-0.53,46
2.2,0.1,45
2.2,0.73,45
2.2,1.36,43
2.2,1.99,42
2.2,2.62,45
2.2,3.25,41
2.23,-3.14,46
2.23,-2.51,45
2.23,-1.88,46
2.23,-1.25,44
2.23,-0.62,43
2.23,0.01,44
2.23,0.64,44
2.23,1.27,43
2.23,1.9,45
2.23,2.53,47
2.23,3.16,41
2.23,3.79,43
2.26,-2.6,45
2.26,-1.97,47
2.26,-1.34,41
2.26,-0.71,45
2.26,-0.08,44
2.26,0.55,43
2.26,1.18,45
2.26,1.81,41
2.26,2.44,47
2.26,3.07,40
2.26,3.7,43
2.29,-2.69,47
2.29,-2.06,42
2.29,-1.43,44
2.29,-0.8,45
2.29,-0.17,37
2.29,0.46,43
2.29,1.09,49
2.29,1.72,42
2.29,2.35,47
2.29,2.98,40
2.29,3.61,43
2.32,-2.78,47
2.32,-2.15,42
2.32,-1.52,40
2.32,-0.89,39
2.32,-0.26,42
2.32,0.37,38
2.32,1,44
2.32,1.63,42
2.32,2.26,38
2.32,2.89,44
2.32,3.52,43
2.35,-2.87,45
2.35,-2.24,44
2.35,-1.61,40
2.35,-0.98,39
2.35,-0.35,45
2.35,0.28,46
2.35,0.91,44
2.35,1.54,46
2.35,2.17,47
2.35,2.8,44
2.35,3.43,42
2.38,-2.96,45
2.38,-2.33,44
2.38,-1.7,42
2.38,-1.07,41
2.38,-0.44,46
2.38,0.19,46
2.38,0.82,42
2.38,1.45,48
2.38,2.08,41
2.38,2.71,43
2.38,3.34,42
2.41,-3.05,50
2.41,-2.42,44
2.41,-1.79,42
2.41,-1.16,41
2.41,-0.53,46
2.41,0.1,42
2.41,0.73,48
2.41,1.36,44
2.41,1.99,41
2.41,2.62,45
2.41,3.25,39
2.44,-3.14,45
2.44,-2.51,44
2.44,-1.88,46
2.44,-1.25,43
2.44,-0.62,41
2.44,0.01,42
2.44,0.64,44
2.44,1.27,44
2.44,1.9,43
2.44,2.53,45
2.44,3.16,39
2.44,3.79,42
2.47,-2.6,44
2.47,-1.97,45
2.47,-1.34,41
2.47,-0.71,45
2.47,-0.08,43
2.47,0.55,40
2.47,1.18,43
2.47,1.81,43
2.47,2.44,45
2.47,3.07,42
2.47,3.7,42
2.5,-2.69,47
2.5,-2.06,41
2.5,-1.43,43
2.5,-0.8,45
2.5,-0.17,41
2.5,0.46,41
2.5,1.09,51
2.5,1.72,43
2.5,2.35,47
2.5,2.98,42
2.5,3.61,42
2.53,-2.78,47
2.53,-2.15,43
2.53,-1.52,39
2.53,-0.89,39
2.53,-0.26,40
2.53,0.37,36
2.53,1,45
2.53,1.63,44
2.53,2.26,40
2.53,2.89,44
2.53,3.52,42
2.56,-2.87,45
2.56,-2.24,43
2.56,-1.61,39
2.56,-0.98,41
2.56,-0.35,40
2.56,0.28,46
2.56,0.91,45
2.56,1.54,44
2.56,2.17,47
2.56,2.8,43
2.56,3.43,42
2.59,-2.96,45
2.59,-2.33,43
2.59,-1.7,42
2.59,-1.07,42
2.59,-0.44,49
2.59,0.19,46
2.59,0.82,47
2.59,1.45,47
2.59,2.08,39
2.59,2.71,43
2.59,3.34,42
2.62,-3.05,50
2.62,-2.42,46
2.62,-1.79,43
2.62,-1.16,41
2.62,-0.53,45
2.62,0.1,42
2.62,0.73,43
2.62,1.36,42
2.62,1.99,39
2.62,2.62,44
2.62,3.25,39
2.65,-3.14,47
2.65,-2.51,45
2.65,-1.88,46
2.65,-1.25,42
2.65,-0.62,41
2.65,0.01,43
2.65,0.64,42
2.65,1.27,42
2.65,1.9,42
2.65,2.53,45
2.65,3.16,42
2.65,3.79,42
2.68,-2.6,46
2.68,-1.97,45
2.68,-1.34,42
2.68,-0.71,46
2.68,-0.08,43
2.68,0.55,42
2.68,1.18,42
2.68,1.81,40
2.68,2.44,45
2.68,3.07,39
2.68,3.7,42
2.71,-2.69,47
2.71,-2.06,43
2.71,-1.43,43
2.71,-0.8,46
2.71,-0.17,42
2.71,0.46,41
2.71,1.09,51
2.71,1.72,42
2.71,2.35,47
2.71,2.98,39
2.71,3.61,43
2.74,-2.78,47
2.74,-2.15,41
2.74,-1.52,41
2.74,-0.89,41
2.74,-0.26,40
2.74,0.37,36
2.74,1,45
2.74,1.63,42
2.74,2.26,41
2.74,2.89,43
2.74,3.52,43
2.77,-2.87,42
2.77,-2.24,43
2.77,-1.61,41
2.77,-0.98,42
2.77,-0.35,49
2.77,0.28,36
2.77,0.91,45
2.77,1.54,44
2.77,2.17,46
2.77,2.8,43
2.77,3.43,43
2.8,-2.96,45
2.8,-2.33,43
2.8,-1.7,44
2.8,-1.07,43
2.8,-0.44,49
2.8,0.19,39
2.8,0.82,42
2.8,1.45,46
2.8,2.08,40
2.8,2.71,43
2.8,3.34,43
2.83,-3.05,50
2.83,-2.42,46
2.83,-1.79,39
2.83,-1.16,44
2.83,-0.53,44
2.83,0.1,44
2.83,0.73,41
2.83,1.36,42
2.83,1.99,42
2.83,2.62,44
2.83,3.25,41
2.86,-3.14,45
2.86,-2.51,46
2.86,-1.88,45
2.86,-1.25,40
2.86,-0.62,40
2.86,0.01,47
2.86,0.64,42
2.86,1.27,41
2.86,1.9,42
2.86,2.53,44
2.86,3.16,41
2.86,3.79,43
2.89,-2.6,44
2.89,-1.97,46
2.89,-1.34,42
2.89,-0.71,45
2.89,-0.08,44
2.89,0.55,42
2.89,1.18,41
2.89,1.81,40
2.89,2.44,43
2.89,3.07,39
2.89,3.7,43
2.92,-2.69,43
2.92,-2.06,42
2.92,-1.43,41
2.92,-0.8,45
2.92,-0.17,42
2.92,0.46,43
2.92,1.09,45
2.92,1.72,42
2.92,2.35,42
2.92,2.98,39
2.92,3.61,43
2.95,-2.78,45
2.95,-2.15,44
2.95,-1.52,42
2.95,-0.89,43
2.95,-0.26,42
2.95,0.37,40
2.95,1,45
2.95,1.63,44
2.95,2.26,45
2.95,2.89,47
2.95,3.52,43
2.98,-2.87,41
2.98,-2.24,40
2.98,-1.61,46
2.98,-0.98,43
2.98,-0.35,43
2.98,0.28,40
2.98,0.91,45
2.98,1.54,44
2.98,2.17,44
2.98,2.8,43
2.98,3.43,42
3.01,-2.96,44
3.01,-2.33,40
3.01,-1.7,46
3.01,-1.07,43
3.01,-0.44,47
3.01,0.19,46
3.01,0.82,42
3.01,1.45,45
3.01,2.08,41
3.01,2.71,43
3.01,3.34,42
3.04,-3.05,49
3.04,-2.42,45
3.04,-1.79,38
3.04,-1.16,43
3.04,-0.53,45
3.04,0.1,45
3.04,0.73,42
3.04,1.36,42
3.04,1.99,44
3.04,2.62,46
3.04,3.25,40
3.07,-3.14,48
3.07,-2.51,45
3.07,-1.88,44
3.07,-1.25,43
3.07,-0.62,43
3.07,0.01,42
3.07,0.64,40
3.07,1.27,41
3.07,1.9,39
3.07,2.53,48
3.07,3.16,40
3.07,3.79,42
3.1,-2.6,45
3.1,-1.97,43
3.1,-1.34,42
3.1,-0.71,46
3.1,-0.08,44
3.1,0.55,42
3.1,1.18,41
3.1,1.81,39
3.1,2.44,48
3.1,3.07,37
3.1,3.7,42
3.13,-2.69,45
3.13,-2.06,42
3.13,-1.43,40
3.13,-0.8,42
3.13,-0.17,42
3.13,0.46,42
3.13,1.09,43
3.13,1.72,43
3.13,2.35,47
3.13,2.98,36
3.13,3.61,42
3.16,-2.78,45
3.16,-2.15,41
3.16,-1.52,40
3.16,-0.89,45
3.16,-0.26,47
3.16,0.37,43
3.16,1,43
3.16,1.63,43
3.16,2.26,44
3.16,2.89,46
3.16,3.52,42
3.19,-2.87,41
3.19,-2.24,43
3.19,-1.61,47
3.19,-0.98,45
3.19,-0.35,47
3.19,0.28,45
3.19,0.91,45
3.19,1.54,47
3.19,2.17,49
3.19,2.8,44
3.19,3.43,42
3.22,-2.96,41
3.22,-2.33,43
3.22,-1.7,47
3.22,-1.07,42
3.22,-0.44,48
3.22,0.19,47
3.22,0.82,42
3.22,1.45,47
3.22,2.08,40
3.22,2.71,44
3.22,3.34,42
3.25,-3.05,45
3.25,-2.42,46
3.25,-1.79,38
3.25,-1.16,44
3.25,-0.53,43
3.25,0.1,42
3.25,0.73,42
3.25,1.36,43
3.25,1.99,45
3.25,2.62,43
3.25,3.25,40
3.28,-3.14,48
3.28,-2.51,46
3.28,-1.88,46
3.28,-1.25,46
3.28,-0.62,43
3.28,0.01,42
3.28,0.64,42
3.28,1.27,40
3.28,1.9,46
3.28,2.53,49
3.28,3.16,43
3.28,3.79,42
3.31,-2.6,39
3.31,-1.97,44
3.31,-1.34,40
3.31,-0.71,43
3.31,-0.08,42
3.31,0.55,41
3.31,1.18,39
3.31,1.81,42
3.31,2.44,46
3.31,3.07,36
3.31,3.7,42
3.34,-2.69,45
3.34,-2.06,42
3.34,-1.43,44
3.34,-0.8,43
3.34,-0.17,42
3.34,0.46,41
3.34,1.09,39
3.34,1.72,40
3.34,2.35,46
3.34,2.98,37
3.34,3.61,45
3.37,-2.78,45
3.37,-2.15,41
3.37,-1.52,43
3.37,-0.89,44
3.37,-0.26,46
3.37,0.37,43
3.37,1,46
3.37,1.63,43
3.37,2.26,44
3.37,2.89,46
3.37,3.52,46
3.4,-2.87,43
3.4,-2.24,43
3.4,-1.61,44
3.4,-0.98,44
3.4,-0.35,46
3.4,0.28,43
3.4,0.91,46
3.4,1.54,49
3.4,2.17,44
3.4,2.8,46
3.4,3.43,46
3.43,-2.96,43
3.43,-2.33,43
3.43,-1.7,49
3.43,-1.07,44
3.43,-0.44,47
3.43,0.19,43
3.43,0.82,42
3.43,1.45,49
3.43,2.08,39
3.43,2.71,46
3.43,3.34,46
3.46,-3.05,47
3.46,-2.42,48
3.46,-1.79,43
3.46,-1.16,44
3.46,-0.53,42
3.46,0.1,44
3.46,0.73,42
3.46,1.36,49
3.46,1.99,39
3.46,2.62,36
3.46,3.25,42
3.49,-3.14,47
3.49,-2.51,49
3.49,-1.88,45
3.49,-1.25,45
3.49,-0.62,42
3.49,0.01,44
3.49,0.64,42
3.49,1.27,40
3.49,1.9,39
3.49,2.53,38
3.49,3.16,41
3.49,3.79,47
3.52,-2.6,49
3.52,-1.97,45
3.52,-1.34,43
3.52,-0.71,46
3.52,-0.08,44
3.52,0.55,42
3.52,1.18,40
3.52,1.81,43
3.52,2.44,38
3.52,3.07,37
3.52,3.7,47
3.55,-2.69,49
3.55,-2.06,42
3.55,-1.43,43
3.55,-0.8,44
3.55,-0.17,44
3.55,0.46,42
3.55,1.09,48
3.55,1.72,43
3.55,2.35,44
3.55,2.98,46
3.55,3.61,47
3.58,-2.78,47
3.58,-2.15,43
3.58,-1.52,41
3.58,-0.89,41
3.58,-0.26,47
3.58,0.37,41
3.58,1,48
3.58,1.63,43
3.58,2.26,44
3.58,2.89,46
3.58,3.52,47
3.61,-2.87,43
3.61,-2.24,43
3.61,-1.61,39
3.61,-0.98,41
3.61,-0.35,47
3.61,0.28,41
3.61,0.91,49
3.61,1.54,43
3.61,2.17,44
3.61,2.8,46
3.61,3.43,47
3.64,-2.96,42
3.64,-2.33,42
3.64,-1.7,33
3.64,-1.07,41
3.64,-0.44,47
3.64,0.19,43
3.64,0.82,41
3.64,1.45,39
3.64,2.08,39
3.64,2.71,46
3.64,3.34,47
3.67,-3.05,40
3.67,-2.42,43
3.67,-1.79,34
3.67,-1.16,40
3.67,-0.53,42
3.67,0.1,45
3.67,0.73,41
3.67,1.36,39
3.67,1.99,39
3.67,2.62,46
3.67,3.25,47
3.7,-3.14,47
3.7,-2.51,40
3.7,-1.88,34
3.7,-1.25,44
3.7,-0.62,42
3.7,0.01,45
3.7,0.64,40
3.7,1.27,39
3.7,1.9,43
3.7,2.53,42
3.7,3.16,43
3.7,3.79,47
3.73,-2.6,40
3.73,-1.97,40
3.73,-1.34,44
3.73,-0.71,45
3.73,-0.08,45
3.73,0.55,44
3.73,1.18,44
3.73,1.81,43
3.73,2.44,42
3.73,3.07,43
3.73,3.7,47
3.76,-2.69,41
3.76,-2.06,40
3.76,-1.43,44
3.76,-0.8,45
3.76,-0.17,43
3.76,0.46,44
3.76,1.09,45
3.76,1.72,43
3.76,2.35,42
3.76,2.98,41
3.76,3.61,47
3.79,-2.78,42
3.79,-2.15,43
3.79,-1.52,44
3.79,-0.89,45
3.79,-0.26,44
3.79,0.37,44
3.79,1,49
3.79,1.63,43
3.79,2.26,42
3.79,2.89,44
3.79,3.52,47
